<?xml version="1.0" encoding="ISO-8859-1" ?>
<?xml-stylesheet type="text/xsl" href="drcss.xsl"?>
<drcreport>
  <header>proc_sys</header>
  <drc>
    <status>C:\Microsemi\Libero_SoC_v11.9\Designer/data/drcreport\warn.png</status>
    <StatusMessage>Warning</StatusMessage>
    <message>Unconnected Bus Interface</message>
    <detail>Unconnected bus interface pin proc_sys_sb_0:FIC_0_AMBA_MASTER</detail>
    <crossprobe>liberoaction://cross_probe/smartdesign/proc_sys/pins/proc_sys_sb_0:FIC_0_AMBA_MASTER</crossprobe>
  </drc>
</drcreport>
